--
-- PostgreSQL database dump
--

-- Dumped from database version 17.2 (Postgres.app)
-- Dumped by pg_dump version 17.2 (Postgres.app)

SET statement_timeout = 0;
SET lock_timeout = 0;
SET idle_in_transaction_session_timeout = 0;
SET transaction_timeout = 0;
SET client_encoding = 'UTF8';
SET standard_conforming_strings = on;
SELECT pg_catalog.set_config('search_path', '', false);
SET check_function_bodies = false;
SET xmloption = content;
SET client_min_messages = warning;
SET row_security = off;

--
-- Name: public; Type: SCHEMA; Schema: -; Owner: booking_username
--

-- *not* creating schema, since initdb creates it


ALTER SCHEMA public OWNER TO booking_username;

--
-- Name: SCHEMA public; Type: COMMENT; Schema: -; Owner: booking_username
--

COMMENT ON SCHEMA public IS '';


SET default_tablespace = '';

SET default_table_access_method = heap;

--
-- Name: auth_group; Type: TABLE; Schema: public; Owner: booking_username
--

CREATE TABLE public.auth_group (
    id integer NOT NULL,
    name character varying(150) NOT NULL
);


ALTER TABLE public.auth_group OWNER TO booking_username;

--
-- Name: auth_group_id_seq; Type: SEQUENCE; Schema: public; Owner: booking_username
--

ALTER TABLE public.auth_group ALTER COLUMN id ADD GENERATED BY DEFAULT AS IDENTITY (
    SEQUENCE NAME public.auth_group_id_seq
    START WITH 1
    INCREMENT BY 1
    NO MINVALUE
    NO MAXVALUE
    CACHE 1
);


--
-- Name: auth_group_permissions; Type: TABLE; Schema: public; Owner: booking_username
--

CREATE TABLE public.auth_group_permissions (
    id bigint NOT NULL,
    group_id integer NOT NULL,
    permission_id integer NOT NULL
);


ALTER TABLE public.auth_group_permissions OWNER TO booking_username;

--
-- Name: auth_group_permissions_id_seq; Type: SEQUENCE; Schema: public; Owner: booking_username
--

ALTER TABLE public.auth_group_permissions ALTER COLUMN id ADD GENERATED BY DEFAULT AS IDENTITY (
    SEQUENCE NAME public.auth_group_permissions_id_seq
    START WITH 1
    INCREMENT BY 1
    NO MINVALUE
    NO MAXVALUE
    CACHE 1
);


--
-- Name: auth_permission; Type: TABLE; Schema: public; Owner: booking_username
--

CREATE TABLE public.auth_permission (
    id integer NOT NULL,
    name character varying(255) NOT NULL,
    content_type_id integer NOT NULL,
    codename character varying(100) NOT NULL
);


ALTER TABLE public.auth_permission OWNER TO booking_username;

--
-- Name: auth_permission_id_seq; Type: SEQUENCE; Schema: public; Owner: booking_username
--

ALTER TABLE public.auth_permission ALTER COLUMN id ADD GENERATED BY DEFAULT AS IDENTITY (
    SEQUENCE NAME public.auth_permission_id_seq
    START WITH 1
    INCREMENT BY 1
    NO MINVALUE
    NO MAXVALUE
    CACHE 1
);


--
-- Name: authtoken_token; Type: TABLE; Schema: public; Owner: booking_username
--

CREATE TABLE public.authtoken_token (
    key character varying(40) NOT NULL,
    created timestamp with time zone NOT NULL,
    user_id bigint NOT NULL
);


ALTER TABLE public.authtoken_token OWNER TO booking_username;

--
-- Name: bookings_apartment; Type: TABLE; Schema: public; Owner: booking_username
--

CREATE TABLE public.bookings_apartment (
    id bigint NOT NULL,
    title character varying(255) NOT NULL,
    rooms integer NOT NULL,
    area double precision NOT NULL,
    floor integer,
    price_per_month numeric(10,2) NOT NULL,
    created_at timestamp with time zone NOT NULL,
    image character varying(100) NOT NULL,
    price_per_day numeric(10,2) NOT NULL,
    apartment_number character varying(10),
    bathrooms integer NOT NULL,
    description text,
    status character varying(15) NOT NULL,
    address character varying(255),
    latitude double precision,
    longitude double precision,
    amenities character varying(100)[],
    gender_preference character varying(20),
    guest_policy character varying(50),
    max_age integer,
    min_age integer,
    musical_instruments character varying(20),
    pets_allowed boolean,
    smoking_policy character varying(50),
    tenant_type character varying(50)
);


ALTER TABLE public.bookings_apartment OWNER TO booking_username;

--
-- Name: bookings_apartment_id_seq; Type: SEQUENCE; Schema: public; Owner: booking_username
--

ALTER TABLE public.bookings_apartment ALTER COLUMN id ADD GENERATED BY DEFAULT AS IDENTITY (
    SEQUENCE NAME public.bookings_apartment_id_seq
    START WITH 1
    INCREMENT BY 1
    NO MINVALUE
    NO MAXVALUE
    CACHE 1
);


--
-- Name: bookings_favourite; Type: TABLE; Schema: public; Owner: booking_username
--

CREATE TABLE public.bookings_favourite (
    id bigint NOT NULL,
    added_at timestamp with time zone NOT NULL
);


ALTER TABLE public.bookings_favourite OWNER TO booking_username;

--
-- Name: bookings_favourite_id_seq; Type: SEQUENCE; Schema: public; Owner: booking_username
--

ALTER TABLE public.bookings_favourite ALTER COLUMN id ADD GENERATED BY DEFAULT AS IDENTITY (
    SEQUENCE NAME public.bookings_favourite_id_seq
    START WITH 1
    INCREMENT BY 1
    NO MINVALUE
    NO MAXVALUE
    CACHE 1
);


--
-- Name: bookings_residentialcomplex; Type: TABLE; Schema: public; Owner: booking_username
--

CREATE TABLE public.bookings_residentialcomplex (
    id bigint NOT NULL,
    name character varying(255) NOT NULL,
    address character varying(255) NOT NULL,
    description text,
    built_year integer,
    developer character varying(255),
    image character varying(100),
    amenities text,
    parking boolean NOT NULL,
    total_floors integer,
    gender_preference character varying(20),
    guest_policy character varying(50),
    max_age integer,
    min_age integer,
    musical_instruments character varying(20),
    pets_allowed boolean,
    quiet_hours_end time without time zone,
    quiet_hours_start time without time zone,
    smoking_policy character varying(50),
    tenant_type character varying(50),
    region character varying(50)
);


ALTER TABLE public.bookings_residentialcomplex OWNER TO booking_username;

--
-- Name: bookings_residentialcomplex_id_seq; Type: SEQUENCE; Schema: public; Owner: booking_username
--

ALTER TABLE public.bookings_residentialcomplex ALTER COLUMN id ADD GENERATED BY DEFAULT AS IDENTITY (
    SEQUENCE NAME public.bookings_residentialcomplex_id_seq
    START WITH 1
    INCREMENT BY 1
    NO MINVALUE
    NO MAXVALUE
    CACHE 1
);


--
-- Name: bookings_review; Type: TABLE; Schema: public; Owner: booking_username
--

CREATE TABLE public.bookings_review (
    id bigint NOT NULL,
    text text NOT NULL,
    created_at timestamp with time zone NOT NULL,
    apartment_id bigint NOT NULL,
    author_id bigint NOT NULL
);


ALTER TABLE public.bookings_review OWNER TO booking_username;

--
-- Name: bookings_review_id_seq; Type: SEQUENCE; Schema: public; Owner: booking_username
--

ALTER TABLE public.bookings_review ALTER COLUMN id ADD GENERATED BY DEFAULT AS IDENTITY (
    SEQUENCE NAME public.bookings_review_id_seq
    START WITH 1
    INCREMENT BY 1
    NO MINVALUE
    NO MAXVALUE
    CACHE 1
);


--
-- Name: django_admin_log; Type: TABLE; Schema: public; Owner: booking_username
--

CREATE TABLE public.django_admin_log (
    id integer NOT NULL,
    action_time timestamp with time zone NOT NULL,
    object_id text,
    object_repr character varying(200) NOT NULL,
    action_flag smallint NOT NULL,
    change_message text NOT NULL,
    content_type_id integer,
    user_id bigint NOT NULL,
    CONSTRAINT django_admin_log_action_flag_check CHECK ((action_flag >= 0))
);


ALTER TABLE public.django_admin_log OWNER TO booking_username;

--
-- Name: django_admin_log_id_seq; Type: SEQUENCE; Schema: public; Owner: booking_username
--

ALTER TABLE public.django_admin_log ALTER COLUMN id ADD GENERATED BY DEFAULT AS IDENTITY (
    SEQUENCE NAME public.django_admin_log_id_seq
    START WITH 1
    INCREMENT BY 1
    NO MINVALUE
    NO MAXVALUE
    CACHE 1
);


--
-- Name: django_content_type; Type: TABLE; Schema: public; Owner: booking_username
--

CREATE TABLE public.django_content_type (
    id integer NOT NULL,
    app_label character varying(100) NOT NULL,
    model character varying(100) NOT NULL
);


ALTER TABLE public.django_content_type OWNER TO booking_username;

--
-- Name: django_content_type_id_seq; Type: SEQUENCE; Schema: public; Owner: booking_username
--

ALTER TABLE public.django_content_type ALTER COLUMN id ADD GENERATED BY DEFAULT AS IDENTITY (
    SEQUENCE NAME public.django_content_type_id_seq
    START WITH 1
    INCREMENT BY 1
    NO MINVALUE
    NO MAXVALUE
    CACHE 1
);


--
-- Name: django_migrations; Type: TABLE; Schema: public; Owner: booking_username
--

CREATE TABLE public.django_migrations (
    id bigint NOT NULL,
    app character varying(255) NOT NULL,
    name character varying(255) NOT NULL,
    applied timestamp with time zone NOT NULL
);


ALTER TABLE public.django_migrations OWNER TO booking_username;

--
-- Name: django_migrations_id_seq; Type: SEQUENCE; Schema: public; Owner: booking_username
--

ALTER TABLE public.django_migrations ALTER COLUMN id ADD GENERATED BY DEFAULT AS IDENTITY (
    SEQUENCE NAME public.django_migrations_id_seq
    START WITH 1
    INCREMENT BY 1
    NO MINVALUE
    NO MAXVALUE
    CACHE 1
);


--
-- Name: django_session; Type: TABLE; Schema: public; Owner: booking_username
--

CREATE TABLE public.django_session (
    session_key character varying(40) NOT NULL,
    session_data text NOT NULL,
    expire_date timestamp with time zone NOT NULL
);


ALTER TABLE public.django_session OWNER TO booking_username;

--
-- Name: users_emailverification; Type: TABLE; Schema: public; Owner: booking_username
--

CREATE TABLE public.users_emailverification (
    id bigint NOT NULL,
    code character varying(4) NOT NULL,
    created timestamp with time zone NOT NULL,
    expiration timestamp with time zone NOT NULL,
    user_id bigint NOT NULL
);


ALTER TABLE public.users_emailverification OWNER TO booking_username;

--
-- Name: users_emailverification_id_seq; Type: SEQUENCE; Schema: public; Owner: booking_username
--

ALTER TABLE public.users_emailverification ALTER COLUMN id ADD GENERATED BY DEFAULT AS IDENTITY (
    SEQUENCE NAME public.users_emailverification_id_seq
    START WITH 1
    INCREMENT BY 1
    NO MINVALUE
    NO MAXVALUE
    CACHE 1
);


--
-- Name: users_user; Type: TABLE; Schema: public; Owner: booking_username
--

CREATE TABLE public.users_user (
    id bigint NOT NULL,
    password character varying(128) NOT NULL,
    last_login timestamp with time zone,
    is_superuser boolean NOT NULL,
    username character varying(150) NOT NULL,
    first_name character varying(150) NOT NULL,
    last_name character varying(150) NOT NULL,
    email character varying(254) NOT NULL,
    is_staff boolean NOT NULL,
    is_active boolean NOT NULL,
    date_joined timestamp with time zone,
    is_landlord boolean NOT NULL,
    phone_number character varying(15),
    is_verified boolean NOT NULL,
    image character varying(100),
    about text,
    experience integer,
    age integer,
    gender character varying(6),
    CONSTRAINT users_user_age_check CHECK ((age >= 0))
);


ALTER TABLE public.users_user OWNER TO booking_username;

--
-- Name: users_user_favourites; Type: TABLE; Schema: public; Owner: booking_username
--

CREATE TABLE public.users_user_favourites (
    id bigint NOT NULL,
    user_id bigint NOT NULL,
    apartment_id bigint NOT NULL
);


ALTER TABLE public.users_user_favourites OWNER TO booking_username;

--
-- Name: users_user_favourites_id_seq; Type: SEQUENCE; Schema: public; Owner: booking_username
--

ALTER TABLE public.users_user_favourites ALTER COLUMN id ADD GENERATED BY DEFAULT AS IDENTITY (
    SEQUENCE NAME public.users_user_favourites_id_seq
    START WITH 1
    INCREMENT BY 1
    NO MINVALUE
    NO MAXVALUE
    CACHE 1
);


--
-- Name: users_user_groups; Type: TABLE; Schema: public; Owner: booking_username
--

CREATE TABLE public.users_user_groups (
    id bigint NOT NULL,
    user_id bigint NOT NULL,
    group_id integer NOT NULL
);


ALTER TABLE public.users_user_groups OWNER TO booking_username;

--
-- Name: users_user_groups_id_seq; Type: SEQUENCE; Schema: public; Owner: booking_username
--

ALTER TABLE public.users_user_groups ALTER COLUMN id ADD GENERATED BY DEFAULT AS IDENTITY (
    SEQUENCE NAME public.users_user_groups_id_seq
    START WITH 1
    INCREMENT BY 1
    NO MINVALUE
    NO MAXVALUE
    CACHE 1
);


--
-- Name: users_user_id_seq; Type: SEQUENCE; Schema: public; Owner: booking_username
--

ALTER TABLE public.users_user ALTER COLUMN id ADD GENERATED BY DEFAULT AS IDENTITY (
    SEQUENCE NAME public.users_user_id_seq
    START WITH 1
    INCREMENT BY 1
    NO MINVALUE
    NO MAXVALUE
    CACHE 1
);


--
-- Name: users_user_user_permissions; Type: TABLE; Schema: public; Owner: booking_username
--

CREATE TABLE public.users_user_user_permissions (
    id bigint NOT NULL,
    user_id bigint NOT NULL,
    permission_id integer NOT NULL
);


ALTER TABLE public.users_user_user_permissions OWNER TO booking_username;

--
-- Name: users_user_user_permissions_id_seq; Type: SEQUENCE; Schema: public; Owner: booking_username
--

ALTER TABLE public.users_user_user_permissions ALTER COLUMN id ADD GENERATED BY DEFAULT AS IDENTITY (
    SEQUENCE NAME public.users_user_user_permissions_id_seq
    START WITH 1
    INCREMENT BY 1
    NO MINVALUE
    NO MAXVALUE
    CACHE 1
);


--
-- Data for Name: auth_group; Type: TABLE DATA; Schema: public; Owner: booking_username
--

COPY public.auth_group (id, name) FROM stdin;
\.


--
-- Data for Name: auth_group_permissions; Type: TABLE DATA; Schema: public; Owner: booking_username
--

COPY public.auth_group_permissions (id, group_id, permission_id) FROM stdin;
\.


--
-- Data for Name: auth_permission; Type: TABLE DATA; Schema: public; Owner: booking_username
--

COPY public.auth_permission (id, name, content_type_id, codename) FROM stdin;
1	Can add log entry	1	add_logentry
2	Can change log entry	1	change_logentry
3	Can delete log entry	1	delete_logentry
4	Can view log entry	1	view_logentry
5	Can add permission	2	add_permission
6	Can change permission	2	change_permission
7	Can delete permission	2	delete_permission
8	Can view permission	2	view_permission
9	Can add group	3	add_group
10	Can change group	3	change_group
11	Can delete group	3	delete_group
12	Can view group	3	view_group
13	Can add content type	4	add_contenttype
14	Can change content type	4	change_contenttype
15	Can delete content type	4	delete_contenttype
16	Can view content type	4	view_contenttype
17	Can add session	5	add_session
18	Can change session	5	change_session
19	Can delete session	5	delete_session
20	Can view session	5	view_session
21	Can add residential complex	6	add_residentialcomplex
22	Can change residential complex	6	change_residentialcomplex
23	Can delete residential complex	6	delete_residentialcomplex
24	Can view residential complex	6	view_residentialcomplex
25	Can add apartment	7	add_apartment
26	Can change apartment	7	change_apartment
27	Can delete apartment	7	delete_apartment
28	Can view apartment	7	view_apartment
29	Can add review	8	add_review
30	Can change review	8	change_review
31	Can delete review	8	delete_review
32	Can view review	8	view_review
33	Can add favourite	9	add_favourite
34	Can change favourite	9	change_favourite
35	Can delete favourite	9	delete_favourite
36	Can view favourite	9	view_favourite
37	Can add user	10	add_user
38	Can change user	10	change_user
39	Can delete user	10	delete_user
40	Can view user	10	view_user
41	Can add email verification	11	add_emailverification
42	Can change email verification	11	change_emailverification
43	Can delete email verification	11	delete_emailverification
44	Can view email verification	11	view_emailverification
45	Can add Token	12	add_token
46	Can change Token	12	change_token
47	Can delete Token	12	delete_token
48	Can view Token	12	view_token
49	Can add Token	13	add_tokenproxy
50	Can change Token	13	change_tokenproxy
51	Can delete Token	13	delete_tokenproxy
52	Can view Token	13	view_tokenproxy
\.


--
-- Data for Name: authtoken_token; Type: TABLE DATA; Schema: public; Owner: booking_username
--

COPY public.authtoken_token (key, created, user_id) FROM stdin;
\.


--
-- Data for Name: bookings_apartment; Type: TABLE DATA; Schema: public; Owner: booking_username
--

COPY public.bookings_apartment (id, title, rooms, area, floor, price_per_month, created_at, image, price_per_day, apartment_number, bathrooms, description, status, address, latitude, longitude, amenities, gender_preference, guest_policy, max_age, min_age, musical_instruments, pets_allowed, smoking_policy, tenant_type) FROM stdin;
\.


--
-- Data for Name: bookings_favourite; Type: TABLE DATA; Schema: public; Owner: booking_username
--

COPY public.bookings_favourite (id, added_at) FROM stdin;
\.


--
-- Data for Name: bookings_residentialcomplex; Type: TABLE DATA; Schema: public; Owner: booking_username
--

COPY public.bookings_residentialcomplex (id, name, address, description, built_year, developer, image, amenities, parking, total_floors, gender_preference, guest_policy, max_age, min_age, musical_instruments, pets_allowed, quiet_hours_end, quiet_hours_start, smoking_policy, tenant_type, region) FROM stdin;
\.


--
-- Data for Name: bookings_review; Type: TABLE DATA; Schema: public; Owner: booking_username
--

COPY public.bookings_review (id, text, created_at, apartment_id, author_id) FROM stdin;
\.


--
-- Data for Name: django_admin_log; Type: TABLE DATA; Schema: public; Owner: booking_username
--

COPY public.django_admin_log (id, action_time, object_id, object_repr, action_flag, change_message, content_type_id, user_id) FROM stdin;
\.


--
-- Data for Name: django_content_type; Type: TABLE DATA; Schema: public; Owner: booking_username
--

COPY public.django_content_type (id, app_label, model) FROM stdin;
1	admin	logentry
2	auth	permission
3	auth	group
4	contenttypes	contenttype
5	sessions	session
6	bookings	residentialcomplex
7	bookings	apartment
8	bookings	review
9	bookings	favourite
10	users	user
11	users	emailverification
12	authtoken	token
13	authtoken	tokenproxy
\.


--
-- Data for Name: django_migrations; Type: TABLE DATA; Schema: public; Owner: booking_username
--

COPY public.django_migrations (id, app, name, applied) FROM stdin;
1	contenttypes	0001_initial	2025-03-09 00:08:02.621883-08
2	contenttypes	0002_remove_content_type_name	2025-03-09 00:08:02.625509-08
3	auth	0001_initial	2025-03-09 00:08:02.640504-08
4	auth	0002_alter_permission_name_max_length	2025-03-09 00:08:02.643021-08
5	auth	0003_alter_user_email_max_length	2025-03-09 00:08:02.645639-08
6	auth	0004_alter_user_username_opts	2025-03-09 00:08:02.647589-08
7	auth	0005_alter_user_last_login_null	2025-03-09 00:08:02.649619-08
8	auth	0006_require_contenttypes_0002	2025-03-09 00:08:02.65032-08
9	auth	0007_alter_validators_add_error_messages	2025-03-09 00:08:02.652212-08
10	auth	0008_alter_user_username_max_length	2025-03-09 00:08:02.653943-08
11	auth	0009_alter_user_last_name_max_length	2025-03-09 00:08:02.655517-08
12	auth	0010_alter_group_name_max_length	2025-03-09 00:08:02.657681-08
13	auth	0011_update_proxy_permissions	2025-03-09 00:08:02.659427-08
14	auth	0012_alter_user_first_name_max_length	2025-03-09 00:08:02.661041-08
15	users	0001_initial	2025-03-09 00:08:02.679695-08
16	admin	0001_initial	2025-03-09 00:08:02.687975-08
17	admin	0002_logentry_remove_auto_add	2025-03-09 00:08:02.692163-08
18	admin	0003_logentry_add_action_flag_choices	2025-03-09 00:08:02.703008-08
19	sessions	0001_initial	2025-03-09 00:08:02.706407-08
20	authtoken	0001_initial	2025-03-10 03:03:33.370013-07
21	authtoken	0002_auto_20160226_1747	2025-03-10 03:03:33.380933-07
22	authtoken	0003_tokenproxy	2025-03-10 03:03:33.381982-07
23	authtoken	0004_alter_tokenproxy_options	2025-03-10 03:03:33.383773-07
24	users	0002_remove_user_phone_number_remove_user_profile_picture_and_more	2025-03-10 03:48:49.788318-07
25	users	0003_user_phone_number	2025-03-10 21:33:28.204379-07
26	bookings	0001_initial	2025-03-11 00:25:40.504375-07
27	bookings	0002_apartment_price_per_day	2025-03-11 00:30:30.402692-07
28	users	0004_user_is_verified_emailverification	2025-03-12 00:01:16.165134-07
29	users	0005_user_image	2025-03-13 07:23:52.315464-07
30	users	0006_alter_emailverification_code_and_more	2025-03-17 03:08:10.617006-07
31	bookings	0003_residentialcomplex_remove_apartment_description	2025-03-20 14:32:19.123469-07
32	bookings	0004_remove_apartment_address_remove_apartment_city_and_more	2025-03-20 14:40:00.690051-07
33	bookings	0005_alter_apartment_complex	2025-03-20 14:40:00.704675-07
34	bookings	0006_apartment_apartment_number	2025-03-20 15:34:55.182354-07
35	bookings	0007_residentialcomplex_image	2025-03-20 17:24:11.06816-07
36	bookings	0008_apartment_bathrooms_apartment_description_and_more	2025-03-20 17:51:12.237842-07
37	bookings	0009_alter_apartment_price_per_day_and_more	2025-03-20 18:07:49.889007-07
38	bookings	0010_alter_apartment_price_per_month	2025-03-20 18:07:49.89502-07
39	bookings	0011_residentialcomplex_gender_preference_and_more	2025-03-22 17:46:09.957752-07
40	bookings	0012_alter_residentialcomplex_gender_preference_and_more	2025-03-22 17:46:09.971843-07
41	bookings	0013_review	2025-03-24 17:25:47.411653-07
42	users	0007_user_about_user_favourites	2025-03-24 17:25:47.426033-07
43	users	0008_user_experience	2025-03-24 17:31:00.977078-07
44	users	0009_alter_user_experience	2025-03-24 17:31:00.982656-07
45	users	0010_alter_user_date_joined	2025-03-24 17:34:16.28379-07
46	users	0011_alter_user_date_joined	2025-03-24 18:03:04.423331-07
47	users	0012_user_age	2025-03-24 19:16:30.714998-07
48	users	0013_user_gender	2025-03-24 19:19:39.31672-07
49	bookings	0014_apartment_address	2025-04-14 15:17:27.187551-07
50	bookings	0015_apartmentimage	2025-04-15 10:27:28.966071-07
51	bookings	0016_alter_apartmentimage_image_residentialcompleximage	2025-04-15 17:22:31.422835-07
52	bookings	0017_remove_residentialcompleximage_complex_favourite_and_more	2025-04-16 21:43:36.784566-07
53	bookings	0018_remove_residentialcomplex_city_and_more	2025-04-20 10:41:21.253256-07
54	bookings	0019_apartment_latitude_apartment_longitude	2025-04-20 11:29:31.850785-07
55	bookings	0020_apartment_amenities_apartment_gender_preference_and_more	2025-04-20 13:00:21.463016-07
56	bookings	0015_favourite	2025-04-27 05:47:06.605441-07
\.


--
-- Data for Name: django_session; Type: TABLE DATA; Schema: public; Owner: booking_username
--

COPY public.django_session (session_key, session_data, expire_date) FROM stdin;
\.


--
-- Data for Name: users_emailverification; Type: TABLE DATA; Schema: public; Owner: booking_username
--

COPY public.users_emailverification (id, code, created, expiration, user_id) FROM stdin;
\.


--
-- Data for Name: users_user; Type: TABLE DATA; Schema: public; Owner: booking_username
--

COPY public.users_user (id, password, last_login, is_superuser, username, first_name, last_name, email, is_staff, is_active, date_joined, is_landlord, phone_number, is_verified, image, about, experience, age, gender) FROM stdin;
\.


--
-- Data for Name: users_user_favourites; Type: TABLE DATA; Schema: public; Owner: booking_username
--

COPY public.users_user_favourites (id, user_id, apartment_id) FROM stdin;
\.


--
-- Data for Name: users_user_groups; Type: TABLE DATA; Schema: public; Owner: booking_username
--

COPY public.users_user_groups (id, user_id, group_id) FROM stdin;
\.


--
-- Data for Name: users_user_user_permissions; Type: TABLE DATA; Schema: public; Owner: booking_username
--

COPY public.users_user_user_permissions (id, user_id, permission_id) FROM stdin;
\.


--
-- Name: auth_group_id_seq; Type: SEQUENCE SET; Schema: public; Owner: booking_username
--

SELECT pg_catalog.setval('public.auth_group_id_seq', 1, false);


--
-- Name: auth_group_permissions_id_seq; Type: SEQUENCE SET; Schema: public; Owner: booking_username
--

SELECT pg_catalog.setval('public.auth_group_permissions_id_seq', 1, false);


--
-- Name: auth_permission_id_seq; Type: SEQUENCE SET; Schema: public; Owner: booking_username
--

SELECT pg_catalog.setval('public.auth_permission_id_seq', 52, true);


--
-- Name: bookings_apartment_id_seq; Type: SEQUENCE SET; Schema: public; Owner: booking_username
--

SELECT pg_catalog.setval('public.bookings_apartment_id_seq', 1, false);


--
-- Name: bookings_favourite_id_seq; Type: SEQUENCE SET; Schema: public; Owner: booking_username
--

SELECT pg_catalog.setval('public.bookings_favourite_id_seq', 1, false);


--
-- Name: bookings_residentialcomplex_id_seq; Type: SEQUENCE SET; Schema: public; Owner: booking_username
--

SELECT pg_catalog.setval('public.bookings_residentialcomplex_id_seq', 1, false);


--
-- Name: bookings_review_id_seq; Type: SEQUENCE SET; Schema: public; Owner: booking_username
--

SELECT pg_catalog.setval('public.bookings_review_id_seq', 1, false);


--
-- Name: django_admin_log_id_seq; Type: SEQUENCE SET; Schema: public; Owner: booking_username
--

SELECT pg_catalog.setval('public.django_admin_log_id_seq', 1, false);


--
-- Name: django_content_type_id_seq; Type: SEQUENCE SET; Schema: public; Owner: booking_username
--

SELECT pg_catalog.setval('public.django_content_type_id_seq', 13, true);


--
-- Name: django_migrations_id_seq; Type: SEQUENCE SET; Schema: public; Owner: booking_username
--

SELECT pg_catalog.setval('public.django_migrations_id_seq', 56, true);


--
-- Name: users_emailverification_id_seq; Type: SEQUENCE SET; Schema: public; Owner: booking_username
--

SELECT pg_catalog.setval('public.users_emailverification_id_seq', 1, false);


--
-- Name: users_user_favourites_id_seq; Type: SEQUENCE SET; Schema: public; Owner: booking_username
--

SELECT pg_catalog.setval('public.users_user_favourites_id_seq', 1, false);


--
-- Name: users_user_groups_id_seq; Type: SEQUENCE SET; Schema: public; Owner: booking_username
--

SELECT pg_catalog.setval('public.users_user_groups_id_seq', 1, false);


--
-- Name: users_user_id_seq; Type: SEQUENCE SET; Schema: public; Owner: booking_username
--

SELECT pg_catalog.setval('public.users_user_id_seq', 1, false);


--
-- Name: users_user_user_permissions_id_seq; Type: SEQUENCE SET; Schema: public; Owner: booking_username
--

SELECT pg_catalog.setval('public.users_user_user_permissions_id_seq', 1, false);


--
-- Name: auth_group auth_group_name_key; Type: CONSTRAINT; Schema: public; Owner: booking_username
--

ALTER TABLE ONLY public.auth_group
    ADD CONSTRAINT auth_group_name_key UNIQUE (name);


--
-- Name: auth_group_permissions auth_group_permissions_group_id_permission_id_0cd325b0_uniq; Type: CONSTRAINT; Schema: public; Owner: booking_username
--

ALTER TABLE ONLY public.auth_group_permissions
    ADD CONSTRAINT auth_group_permissions_group_id_permission_id_0cd325b0_uniq UNIQUE (group_id, permission_id);


--
-- Name: auth_group_permissions auth_group_permissions_pkey; Type: CONSTRAINT; Schema: public; Owner: booking_username
--

ALTER TABLE ONLY public.auth_group_permissions
    ADD CONSTRAINT auth_group_permissions_pkey PRIMARY KEY (id);


--
-- Name: auth_group auth_group_pkey; Type: CONSTRAINT; Schema: public; Owner: booking_username
--

ALTER TABLE ONLY public.auth_group
    ADD CONSTRAINT auth_group_pkey PRIMARY KEY (id);


--
-- Name: auth_permission auth_permission_content_type_id_codename_01ab375a_uniq; Type: CONSTRAINT; Schema: public; Owner: booking_username
--

ALTER TABLE ONLY public.auth_permission
    ADD CONSTRAINT auth_permission_content_type_id_codename_01ab375a_uniq UNIQUE (content_type_id, codename);


--
-- Name: auth_permission auth_permission_pkey; Type: CONSTRAINT; Schema: public; Owner: booking_username
--

ALTER TABLE ONLY public.auth_permission
    ADD CONSTRAINT auth_permission_pkey PRIMARY KEY (id);


--
-- Name: authtoken_token authtoken_token_pkey; Type: CONSTRAINT; Schema: public; Owner: booking_username
--

ALTER TABLE ONLY public.authtoken_token
    ADD CONSTRAINT authtoken_token_pkey PRIMARY KEY (key);


--
-- Name: authtoken_token authtoken_token_user_id_key; Type: CONSTRAINT; Schema: public; Owner: booking_username
--

ALTER TABLE ONLY public.authtoken_token
    ADD CONSTRAINT authtoken_token_user_id_key UNIQUE (user_id);


--
-- Name: bookings_apartment bookings_apartment_pkey; Type: CONSTRAINT; Schema: public; Owner: booking_username
--

ALTER TABLE ONLY public.bookings_apartment
    ADD CONSTRAINT bookings_apartment_pkey PRIMARY KEY (id);


--
-- Name: bookings_favourite bookings_favourite_pkey; Type: CONSTRAINT; Schema: public; Owner: booking_username
--

ALTER TABLE ONLY public.bookings_favourite
    ADD CONSTRAINT bookings_favourite_pkey PRIMARY KEY (id);


--
-- Name: bookings_residentialcomplex bookings_residentialcomplex_name_key; Type: CONSTRAINT; Schema: public; Owner: booking_username
--

ALTER TABLE ONLY public.bookings_residentialcomplex
    ADD CONSTRAINT bookings_residentialcomplex_name_key UNIQUE (name);


--
-- Name: bookings_residentialcomplex bookings_residentialcomplex_pkey; Type: CONSTRAINT; Schema: public; Owner: booking_username
--

ALTER TABLE ONLY public.bookings_residentialcomplex
    ADD CONSTRAINT bookings_residentialcomplex_pkey PRIMARY KEY (id);


--
-- Name: bookings_review bookings_review_pkey; Type: CONSTRAINT; Schema: public; Owner: booking_username
--

ALTER TABLE ONLY public.bookings_review
    ADD CONSTRAINT bookings_review_pkey PRIMARY KEY (id);


--
-- Name: django_admin_log django_admin_log_pkey; Type: CONSTRAINT; Schema: public; Owner: booking_username
--

ALTER TABLE ONLY public.django_admin_log
    ADD CONSTRAINT django_admin_log_pkey PRIMARY KEY (id);


--
-- Name: django_content_type django_content_type_app_label_model_76bd3d3b_uniq; Type: CONSTRAINT; Schema: public; Owner: booking_username
--

ALTER TABLE ONLY public.django_content_type
    ADD CONSTRAINT django_content_type_app_label_model_76bd3d3b_uniq UNIQUE (app_label, model);


--
-- Name: django_content_type django_content_type_pkey; Type: CONSTRAINT; Schema: public; Owner: booking_username
--

ALTER TABLE ONLY public.django_content_type
    ADD CONSTRAINT django_content_type_pkey PRIMARY KEY (id);


--
-- Name: django_migrations django_migrations_pkey; Type: CONSTRAINT; Schema: public; Owner: booking_username
--

ALTER TABLE ONLY public.django_migrations
    ADD CONSTRAINT django_migrations_pkey PRIMARY KEY (id);


--
-- Name: django_session django_session_pkey; Type: CONSTRAINT; Schema: public; Owner: booking_username
--

ALTER TABLE ONLY public.django_session
    ADD CONSTRAINT django_session_pkey PRIMARY KEY (session_key);


--
-- Name: users_emailverification users_emailverification_code_key; Type: CONSTRAINT; Schema: public; Owner: booking_username
--

ALTER TABLE ONLY public.users_emailverification
    ADD CONSTRAINT users_emailverification_code_key UNIQUE (code);


--
-- Name: users_emailverification users_emailverification_pkey; Type: CONSTRAINT; Schema: public; Owner: booking_username
--

ALTER TABLE ONLY public.users_emailverification
    ADD CONSTRAINT users_emailverification_pkey PRIMARY KEY (id);


--
-- Name: users_user users_user_email_243f6e77_uniq; Type: CONSTRAINT; Schema: public; Owner: booking_username
--

ALTER TABLE ONLY public.users_user
    ADD CONSTRAINT users_user_email_243f6e77_uniq UNIQUE (email);


--
-- Name: users_user_favourites users_user_favourites_pkey; Type: CONSTRAINT; Schema: public; Owner: booking_username
--

ALTER TABLE ONLY public.users_user_favourites
    ADD CONSTRAINT users_user_favourites_pkey PRIMARY KEY (id);


--
-- Name: users_user_favourites users_user_favourites_user_id_apartment_id_1a22b1b2_uniq; Type: CONSTRAINT; Schema: public; Owner: booking_username
--

ALTER TABLE ONLY public.users_user_favourites
    ADD CONSTRAINT users_user_favourites_user_id_apartment_id_1a22b1b2_uniq UNIQUE (user_id, apartment_id);


--
-- Name: users_user_groups users_user_groups_pkey; Type: CONSTRAINT; Schema: public; Owner: booking_username
--

ALTER TABLE ONLY public.users_user_groups
    ADD CONSTRAINT users_user_groups_pkey PRIMARY KEY (id);


--
-- Name: users_user_groups users_user_groups_user_id_group_id_b88eab82_uniq; Type: CONSTRAINT; Schema: public; Owner: booking_username
--

ALTER TABLE ONLY public.users_user_groups
    ADD CONSTRAINT users_user_groups_user_id_group_id_b88eab82_uniq UNIQUE (user_id, group_id);


--
-- Name: users_user users_user_phone_number_key; Type: CONSTRAINT; Schema: public; Owner: booking_username
--

ALTER TABLE ONLY public.users_user
    ADD CONSTRAINT users_user_phone_number_key UNIQUE (phone_number);


--
-- Name: users_user users_user_pkey; Type: CONSTRAINT; Schema: public; Owner: booking_username
--

ALTER TABLE ONLY public.users_user
    ADD CONSTRAINT users_user_pkey PRIMARY KEY (id);


--
-- Name: users_user_user_permissions users_user_user_permissions_pkey; Type: CONSTRAINT; Schema: public; Owner: booking_username
--

ALTER TABLE ONLY public.users_user_user_permissions
    ADD CONSTRAINT users_user_user_permissions_pkey PRIMARY KEY (id);


--
-- Name: users_user_user_permissions users_user_user_permissions_user_id_permission_id_43338c45_uniq; Type: CONSTRAINT; Schema: public; Owner: booking_username
--

ALTER TABLE ONLY public.users_user_user_permissions
    ADD CONSTRAINT users_user_user_permissions_user_id_permission_id_43338c45_uniq UNIQUE (user_id, permission_id);


--
-- Name: users_user users_user_username_key; Type: CONSTRAINT; Schema: public; Owner: booking_username
--

ALTER TABLE ONLY public.users_user
    ADD CONSTRAINT users_user_username_key UNIQUE (username);


--
-- Name: auth_group_name_a6ea08ec_like; Type: INDEX; Schema: public; Owner: booking_username
--

CREATE INDEX auth_group_name_a6ea08ec_like ON public.auth_group USING btree (name varchar_pattern_ops);


--
-- Name: auth_group_permissions_group_id_b120cbf9; Type: INDEX; Schema: public; Owner: booking_username
--

CREATE INDEX auth_group_permissions_group_id_b120cbf9 ON public.auth_group_permissions USING btree (group_id);


--
-- Name: auth_group_permissions_permission_id_84c5c92e; Type: INDEX; Schema: public; Owner: booking_username
--

CREATE INDEX auth_group_permissions_permission_id_84c5c92e ON public.auth_group_permissions USING btree (permission_id);


--
-- Name: auth_permission_content_type_id_2f476e4b; Type: INDEX; Schema: public; Owner: booking_username
--

CREATE INDEX auth_permission_content_type_id_2f476e4b ON public.auth_permission USING btree (content_type_id);


--
-- Name: authtoken_token_key_10f0b77e_like; Type: INDEX; Schema: public; Owner: booking_username
--

CREATE INDEX authtoken_token_key_10f0b77e_like ON public.authtoken_token USING btree (key varchar_pattern_ops);


--
-- Name: bookings_residentialcomplex_name_a9b6a740_like; Type: INDEX; Schema: public; Owner: booking_username
--

CREATE INDEX bookings_residentialcomplex_name_a9b6a740_like ON public.bookings_residentialcomplex USING btree (name varchar_pattern_ops);


--
-- Name: bookings_review_apartment_id_7468a9a4; Type: INDEX; Schema: public; Owner: booking_username
--

CREATE INDEX bookings_review_apartment_id_7468a9a4 ON public.bookings_review USING btree (apartment_id);


--
-- Name: bookings_review_author_id_59e9cdec; Type: INDEX; Schema: public; Owner: booking_username
--

CREATE INDEX bookings_review_author_id_59e9cdec ON public.bookings_review USING btree (author_id);


--
-- Name: django_admin_log_content_type_id_c4bce8eb; Type: INDEX; Schema: public; Owner: booking_username
--

CREATE INDEX django_admin_log_content_type_id_c4bce8eb ON public.django_admin_log USING btree (content_type_id);


--
-- Name: django_admin_log_user_id_c564eba6; Type: INDEX; Schema: public; Owner: booking_username
--

CREATE INDEX django_admin_log_user_id_c564eba6 ON public.django_admin_log USING btree (user_id);


--
-- Name: django_session_expire_date_a5c62663; Type: INDEX; Schema: public; Owner: booking_username
--

CREATE INDEX django_session_expire_date_a5c62663 ON public.django_session USING btree (expire_date);


--
-- Name: django_session_session_key_c0390e0f_like; Type: INDEX; Schema: public; Owner: booking_username
--

CREATE INDEX django_session_session_key_c0390e0f_like ON public.django_session USING btree (session_key varchar_pattern_ops);


--
-- Name: users_emailverification_user_id_77445bf4; Type: INDEX; Schema: public; Owner: booking_username
--

CREATE INDEX users_emailverification_user_id_77445bf4 ON public.users_emailverification USING btree (user_id);


--
-- Name: users_user_email_243f6e77_like; Type: INDEX; Schema: public; Owner: booking_username
--

CREATE INDEX users_user_email_243f6e77_like ON public.users_user USING btree (email varchar_pattern_ops);


--
-- Name: users_user_favourites_apartment_id_f1eeadf1; Type: INDEX; Schema: public; Owner: booking_username
--

CREATE INDEX users_user_favourites_apartment_id_f1eeadf1 ON public.users_user_favourites USING btree (apartment_id);


--
-- Name: users_user_favourites_user_id_3df14fde; Type: INDEX; Schema: public; Owner: booking_username
--

CREATE INDEX users_user_favourites_user_id_3df14fde ON public.users_user_favourites USING btree (user_id);


--
-- Name: users_user_groups_group_id_9afc8d0e; Type: INDEX; Schema: public; Owner: booking_username
--

CREATE INDEX users_user_groups_group_id_9afc8d0e ON public.users_user_groups USING btree (group_id);


--
-- Name: users_user_groups_user_id_5f6f5a90; Type: INDEX; Schema: public; Owner: booking_username
--

CREATE INDEX users_user_groups_user_id_5f6f5a90 ON public.users_user_groups USING btree (user_id);


--
-- Name: users_user_phone_number_aff54ffd_like; Type: INDEX; Schema: public; Owner: booking_username
--

CREATE INDEX users_user_phone_number_aff54ffd_like ON public.users_user USING btree (phone_number varchar_pattern_ops);


--
-- Name: users_user_user_permissions_permission_id_0b93982e; Type: INDEX; Schema: public; Owner: booking_username
--

CREATE INDEX users_user_user_permissions_permission_id_0b93982e ON public.users_user_user_permissions USING btree (permission_id);


--
-- Name: users_user_user_permissions_user_id_20aca447; Type: INDEX; Schema: public; Owner: booking_username
--

CREATE INDEX users_user_user_permissions_user_id_20aca447 ON public.users_user_user_permissions USING btree (user_id);


--
-- Name: users_user_username_06e46fe6_like; Type: INDEX; Schema: public; Owner: booking_username
--

CREATE INDEX users_user_username_06e46fe6_like ON public.users_user USING btree (username varchar_pattern_ops);


--
-- Name: auth_group_permissions auth_group_permissio_permission_id_84c5c92e_fk_auth_perm; Type: FK CONSTRAINT; Schema: public; Owner: booking_username
--

ALTER TABLE ONLY public.auth_group_permissions
    ADD CONSTRAINT auth_group_permissio_permission_id_84c5c92e_fk_auth_perm FOREIGN KEY (permission_id) REFERENCES public.auth_permission(id) DEFERRABLE INITIALLY DEFERRED;


--
-- Name: auth_group_permissions auth_group_permissions_group_id_b120cbf9_fk_auth_group_id; Type: FK CONSTRAINT; Schema: public; Owner: booking_username
--

ALTER TABLE ONLY public.auth_group_permissions
    ADD CONSTRAINT auth_group_permissions_group_id_b120cbf9_fk_auth_group_id FOREIGN KEY (group_id) REFERENCES public.auth_group(id) DEFERRABLE INITIALLY DEFERRED;


--
-- Name: auth_permission auth_permission_content_type_id_2f476e4b_fk_django_co; Type: FK CONSTRAINT; Schema: public; Owner: booking_username
--

ALTER TABLE ONLY public.auth_permission
    ADD CONSTRAINT auth_permission_content_type_id_2f476e4b_fk_django_co FOREIGN KEY (content_type_id) REFERENCES public.django_content_type(id) DEFERRABLE INITIALLY DEFERRED;


--
-- Name: authtoken_token authtoken_token_user_id_35299eff_fk_users_user_id; Type: FK CONSTRAINT; Schema: public; Owner: booking_username
--

ALTER TABLE ONLY public.authtoken_token
    ADD CONSTRAINT authtoken_token_user_id_35299eff_fk_users_user_id FOREIGN KEY (user_id) REFERENCES public.users_user(id) DEFERRABLE INITIALLY DEFERRED;


--
-- Name: bookings_review bookings_review_apartment_id_7468a9a4_fk_bookings_apartment_id; Type: FK CONSTRAINT; Schema: public; Owner: booking_username
--

ALTER TABLE ONLY public.bookings_review
    ADD CONSTRAINT bookings_review_apartment_id_7468a9a4_fk_bookings_apartment_id FOREIGN KEY (apartment_id) REFERENCES public.bookings_apartment(id) DEFERRABLE INITIALLY DEFERRED;


--
-- Name: bookings_review bookings_review_author_id_59e9cdec_fk_users_user_id; Type: FK CONSTRAINT; Schema: public; Owner: booking_username
--

ALTER TABLE ONLY public.bookings_review
    ADD CONSTRAINT bookings_review_author_id_59e9cdec_fk_users_user_id FOREIGN KEY (author_id) REFERENCES public.users_user(id) DEFERRABLE INITIALLY DEFERRED;


--
-- Name: django_admin_log django_admin_log_content_type_id_c4bce8eb_fk_django_co; Type: FK CONSTRAINT; Schema: public; Owner: booking_username
--

ALTER TABLE ONLY public.django_admin_log
    ADD CONSTRAINT django_admin_log_content_type_id_c4bce8eb_fk_django_co FOREIGN KEY (content_type_id) REFERENCES public.django_content_type(id) DEFERRABLE INITIALLY DEFERRED;


--
-- Name: django_admin_log django_admin_log_user_id_c564eba6_fk_users_user_id; Type: FK CONSTRAINT; Schema: public; Owner: booking_username
--

ALTER TABLE ONLY public.django_admin_log
    ADD CONSTRAINT django_admin_log_user_id_c564eba6_fk_users_user_id FOREIGN KEY (user_id) REFERENCES public.users_user(id) DEFERRABLE INITIALLY DEFERRED;


--
-- Name: users_emailverification users_emailverification_user_id_77445bf4_fk_users_user_id; Type: FK CONSTRAINT; Schema: public; Owner: booking_username
--

ALTER TABLE ONLY public.users_emailverification
    ADD CONSTRAINT users_emailverification_user_id_77445bf4_fk_users_user_id FOREIGN KEY (user_id) REFERENCES public.users_user(id) DEFERRABLE INITIALLY DEFERRED;


--
-- Name: users_user_favourites users_user_favourite_apartment_id_f1eeadf1_fk_bookings_; Type: FK CONSTRAINT; Schema: public; Owner: booking_username
--

ALTER TABLE ONLY public.users_user_favourites
    ADD CONSTRAINT users_user_favourite_apartment_id_f1eeadf1_fk_bookings_ FOREIGN KEY (apartment_id) REFERENCES public.bookings_apartment(id) DEFERRABLE INITIALLY DEFERRED;


--
-- Name: users_user_favourites users_user_favourites_user_id_3df14fde_fk_users_user_id; Type: FK CONSTRAINT; Schema: public; Owner: booking_username
--

ALTER TABLE ONLY public.users_user_favourites
    ADD CONSTRAINT users_user_favourites_user_id_3df14fde_fk_users_user_id FOREIGN KEY (user_id) REFERENCES public.users_user(id) DEFERRABLE INITIALLY DEFERRED;


--
-- Name: users_user_groups users_user_groups_group_id_9afc8d0e_fk_auth_group_id; Type: FK CONSTRAINT; Schema: public; Owner: booking_username
--

ALTER TABLE ONLY public.users_user_groups
    ADD CONSTRAINT users_user_groups_group_id_9afc8d0e_fk_auth_group_id FOREIGN KEY (group_id) REFERENCES public.auth_group(id) DEFERRABLE INITIALLY DEFERRED;


--
-- Name: users_user_groups users_user_groups_user_id_5f6f5a90_fk_users_user_id; Type: FK CONSTRAINT; Schema: public; Owner: booking_username
--

ALTER TABLE ONLY public.users_user_groups
    ADD CONSTRAINT users_user_groups_user_id_5f6f5a90_fk_users_user_id FOREIGN KEY (user_id) REFERENCES public.users_user(id) DEFERRABLE INITIALLY DEFERRED;


--
-- Name: users_user_user_permissions users_user_user_perm_permission_id_0b93982e_fk_auth_perm; Type: FK CONSTRAINT; Schema: public; Owner: booking_username
--

ALTER TABLE ONLY public.users_user_user_permissions
    ADD CONSTRAINT users_user_user_perm_permission_id_0b93982e_fk_auth_perm FOREIGN KEY (permission_id) REFERENCES public.auth_permission(id) DEFERRABLE INITIALLY DEFERRED;


--
-- Name: users_user_user_permissions users_user_user_permissions_user_id_20aca447_fk_users_user_id; Type: FK CONSTRAINT; Schema: public; Owner: booking_username
--

ALTER TABLE ONLY public.users_user_user_permissions
    ADD CONSTRAINT users_user_user_permissions_user_id_20aca447_fk_users_user_id FOREIGN KEY (user_id) REFERENCES public.users_user(id) DEFERRABLE INITIALLY DEFERRED;


--
-- Name: SCHEMA public; Type: ACL; Schema: -; Owner: booking_username
--

REVOKE USAGE ON SCHEMA public FROM PUBLIC;
GRANT ALL ON SCHEMA public TO PUBLIC;


--
-- PostgreSQL database dump complete
--

